-----------------------------------------------users 匯入
--------------------------------------------products 匯入
INSERT INTO `products` (`id`, `user_id`, `name`, `category_id`, `description`, `price`, `quantity`, `create_at`, `update_at`, `is_valid`, `style`, `color`) VALUES
(1, 1, 'KALLAX 層架組', 1, '多功能層架，可橫放或直放，適合收納和展示。', 1999, 40, '2025-06-15 02:49:55', '2025-06-15 20:02:10', 1, '北歐簡約風', '原木色'),
(2, 1, 'EKTORP 三人座沙發', 1, '舒適的三人座沙發，可拆洗的布套。', 12990, 20, '2025-06-15 02:49:55', '2025-06-15 02:49:55', 1, '現代極簡風', '米色'),
(3, 1, 'LACK 邊桌', 1, '輕巧實用的邊桌，適合各種空間。', 399, 100, '2025-06-15 02:49:55', '2025-06-15 02:49:55', 1, '北歐簡約風', '白色, 原木色'),
(4, 1, 'POÄNG 扶手椅', 1, '經典設計扶手椅，提供舒適支撐。', 3999, 30, '2025-06-15 02:49:55', '2025-06-15 02:49:55', 1, '北歐簡約風', '灰色'),
(5, 1, 'BRIMNES 電視櫃', 1, '現代風格電視櫃，附收納空間。', 3999, 25, '2025-06-15 02:49:55', '2025-06-15 02:49:55', 1, '現代極簡風', '黑色'),
(6, 1, 'KIVIK 單人沙發床', 1, '多功能沙發床，可展開作為床使用。', 10990, 15, '2025-06-15 02:49:55', '2025-06-15 02:49:55', 1, '現代極簡風', '灰色'),
(7, 1, 'LÖVBACKEN 茶几', 1, '葉形設計茶几，增添空間趣味。', 899, 35, '2025-06-15 02:49:55', '2025-06-15 02:49:55', 1, '北歐簡約風', '黑色'),
(8, 1, 'STRANDMON 扶手椅', 1, '高背扶手椅，提供舒適支撐。', 5999, 20, '2025-06-15 02:49:55', '2025-06-15 02:49:55', 1, '北歐簡約風', '灰棕色'),
(9, 1, 'BORGEBY 咖啡桌', 1, '大理石紋茶几，展現優雅風格。', 3499, 25, '2025-06-15 02:49:55', '2025-06-15 02:49:55', 1, '輕奢設計風', '奶油色'),
(10, 1, 'VIMLE 沙發床', 1, '模組化沙發，可自由組合。', 15999, 15, '2025-06-15 02:49:55', '2025-06-15 02:49:55', 0, '現代極簡風', NULL),
(11, 1, 'KIVIK 沙發', 1, '寬敞舒適的沙發，適合家庭使用。', 24999, 10, '2025-06-15 02:49:55', '2025-06-15 02:49:55', 1, '現代極簡風', '寧靜藍色'),
(12, 1, 'LIDHULT 沙發', 1, '高品質沙發，提供極致舒適。', 29999, 8, '2025-06-15 02:49:55', '2025-06-15 02:49:55', 1, '輕奢設計風', '米色, 淺藍色'),
(13, 1, 'NORDLI 床頭櫃', 1, '現代風格床頭櫃，附收納空間。', 2499, 40, '2025-06-15 02:49:55', '2025-06-15 02:49:55', 1, '北歐簡約風', '奶油色, 白色'),
(14, 1, 'HEMNES 電視櫃', 1, '實木電視櫃，提供充足收納空間。', 3999, 30, '2025-06-15 02:49:55', '2025-06-15 02:49:55', 1, '北歐簡約風', '黑色'),
(15, 1, 'BRIMNES 電視櫃組合', 1, '模組化電視櫃組合，可自由搭配。', 5999, 20, '2025-06-15 02:49:55', '2025-06-15 02:49:55', 1, '現代極簡風', '白色'),
(16, 1, 'KALLAX 層架組合', 1, '多功能層架組合，適合收納和展示。', 2999, 35, '2025-06-15 02:49:55', '2025-06-15 02:49:55', 1, '北歐簡約風', '原木色'),
(17, 1, 'LACK 層架', 1, '輕巧實用的層架，適合各種空間。', 699, 80, '2025-06-15 02:49:55', '2025-06-15 02:49:55', 1, '北歐簡約風', '銀色'),
(18, 1, 'BILLY 書櫃', 1, '經典書櫃，可自由組合。', 2499, 45, '2025-06-15 02:49:56', '2025-06-15 02:49:56', 1, '北歐簡約風', '白色'),
(19, 1, 'FJÄLLBO 層架', 1, '工業風格層架，展現獨特魅力。', 1999, 30, '2025-06-15 02:49:56', '2025-06-15 02:49:56', 1, '工業復古風', '原木色'),
(20, 1, 'KALLAX 收納櫃', 1, '多功能收納櫃，可橫放或直放。', 2499, 40, '2025-06-15 02:49:56', '2025-06-15 02:49:56', 1, '北歐簡約風', '白色, 淺藍色'),
(21, 1, 'BJÖRKUDDEN 餐桌', 2, '實木餐桌，可延伸設計，適合家庭使用。', 5999, 25, '2025-06-15 02:49:56', '2025-06-15 02:49:56', 1, '北歐簡約風', '原木色'),
(22, 1, 'KNOXHULT 廚房', 2, '模組化廚房系統，可依需求組合。', 12280, 15, '2025-06-15 02:49:56', '2025-06-15 02:49:56', 1, '現代極簡風', '白色'),
(23, 1, 'INGATORP 餐椅', 2, '舒適的餐椅，適合長時間用餐。', 1999, 50, '2025-06-15 02:49:56', '2025-06-15 02:49:56', 1, '北歐簡約風', '白灰色'),
(24, 1, 'VADHOLMA 廚房推車', 2, '多功能廚房推車，可移動使用。', 3999, 30, '2025-06-15 02:49:56', '2025-06-15 02:49:56', 1, '工業復古風', '銀色'),
(25, 1, 'KUNGSFORS 廚房收納架', 2, '模組化廚房收納系統，可自由組合。', 2499, 40, '2025-06-15 02:49:56', '2025-06-15 02:49:56', 1, '現代極簡風', '白色'),
(26, 1, 'BJÖRKUDDEN 餐椅', 2, '實木餐椅，搭配餐桌使用。', 1999, 45, '2025-06-15 02:49:56', '2025-06-15 02:49:56', 1, '北歐簡約風', '灰色'),
(27, 1, 'INGATORP 餐桌', 2, '可延伸餐桌，適合家庭使用。', 7999, 20, '2025-06-15 02:49:56', '2025-06-15 02:49:56', 1, '北歐簡約風', '黑色'),
(28, 1, 'VADHOLMA 廚房島', 2, '多功能廚房島，提供額外工作空間。', 8999, 15, '2025-06-15 02:49:56', '2025-06-15 02:49:56', 1, '工業復古風', '黑色'),
(29, 1, 'KUNGSFORS 廚房掛架', 2, '廚房收納掛架，節省空間。', 1299, 60, '2025-06-15 02:49:56', '2025-06-15 02:49:56', 1, '現代極簡風', '白色'),
(30, 1, 'BJÖRKUDDEN 長凳', 2, '實木長凳，可作為座位或收納使用。', 2999, 30, '2025-06-15 02:49:56', '2025-06-15 02:49:56', 1, '北歐簡約風', '棕色'),
(31, 1, 'INGATORP 餐邊櫃', 2, '實木餐邊櫃，提供額外收納空間。', 4999, 25, '2025-06-15 02:49:56', '2025-06-15 02:49:56', 1, '北歐簡約風', '原木色'),
(32, 1, 'VADHOLMA 廚房收納櫃', 2, '實木廚房收納櫃，展現自然質感。', 5999, 20, '2025-06-15 02:49:56', '2025-06-15 02:49:56', 1, '工業復古風', '白色'),
(33, 1, 'KUNGSFORS 廚房收納系統', 2, '模組化廚房收納系統，可自由組合。', 3499, 35, '2025-06-15 02:49:56', '2025-06-15 02:49:56', 1, '現代極簡風', '白色'),
(34, 1, 'BJÖRKUDDEN 吧台椅', 2, '實木吧台椅，適合廚房島使用。', 1499, 40, '2025-06-15 02:49:56', '2025-06-15 02:49:56', 1, '北歐簡約風', '黑色'),
(35, 1, 'INGATORP 餐椅組合', 2, '四張餐椅組合，適合家庭使用。', 7999, 20, '2025-06-15 02:49:56', '2025-06-15 20:00:09', 1, '北歐簡約風', '淡黃色'),
(36, 1, 'VADHOLMA 廚房收納架組合', 2, '廚房收納架組合，提供充足收納空間。', 4999, 25, '2025-06-15 02:49:56', '2025-06-15 20:03:17', 1, '工業復古風', '銀色'),
(37, 1, 'KUNGSFORS 廚房收納系統組合', 2, '廚房收納系統組合，可自由搭配。', 6999, 20, '2025-06-15 02:49:56', '2025-06-15 20:03:24', 1, '現代極簡風', '銀色'),
(38, 1, 'BJÖRKUDDEN 餐桌組合', 2, '餐桌和四張餐椅組合，適合家庭使用。', 9999, 15, '2025-06-15 02:49:56', '2025-06-15 20:03:30', 1, '北歐簡約風', '白色'),
(39, 1, 'INGATORP 餐邊櫃組合', 2, '餐邊櫃和收納架組合，提供充足收納空間。', 7999, 20, '2025-06-15 02:49:57', '2025-06-15 20:03:37', 1, '北歐簡約風', '藍色'),
(40, 1, 'VADHOLMA 廚房島組合', 2, '廚房島和收納架組合，提供額外工作空間。', 12999, 10, '2025-06-15 02:49:57', '2025-06-15 20:03:43', 1, '工業復古風', '白色'),
(41, 1, 'KUNGSFORS 廚房收納系統組合', 2, '廚房收納系統組合，可自由搭配。', 8999, 15, '2025-06-15 02:49:57', '2025-06-15 20:03:49', 1, '現代極簡風', '灰色'),
(42, 1, 'MALM 床架', 3, '簡約設計床架，附收納空間。', 7999, 30, '2025-06-15 02:49:57', '2025-06-15 20:12:35', 1, '北歐簡約風', '原木色'),
(43, 1, 'PAX 衣櫃系統', 3, '可自由組合的衣櫃系統，提供多種收納方案。', 15999, 20, '2025-06-15 02:49:57', '2025-06-15 20:12:52', 1, '現代極簡風', '白色, 棕色'),
(44, 1, 'HEMNES 床頭櫃', 3, '實木床頭櫃，提供額外收納空間。', 2999, 35, '2025-06-15 02:49:57', '2025-06-15 20:13:15', 1, '北歐簡約風', '黑色'),
(45, 1, 'SLÄKT 床墊', 3, '舒適的記憶棉床墊，提供良好支撐。', 8999, 25, '2025-06-15 02:49:57', '2025-06-15 20:13:21', 1, '現代極簡風', '白色'),
(46, 1, 'BRIMNES 化妝台', 3, '附鏡子的化妝台，提供充足收納空間。', 3999, 30, '2025-06-15 02:49:57', '2025-06-15 20:12:57', 1, '現代極簡風', '白色'),
(47, 1, 'NORDLI 床架', 3, '現代風格床架，附收納空間。', 9999, 25, '2025-06-15 02:49:57', '2025-06-15 20:13:41', 1, '北歐簡約風', '白色, 原木色'),
(48, 1, 'PLATSA 衣櫃', 3, '模組化衣櫃，可自由組合。', 6999, 30, '2025-06-15 02:49:57', '2025-06-15 20:13:46', 1, '現代極簡風', '白色'),
(49, 1, 'HEMNES 床頭櫃組合', 3, '床頭櫃和收納架組合，提供充足收納空間。', 4999, 25, '2025-06-15 02:49:57', '2025-06-15 20:13:56', 1, '北歐簡約風', '奶油色'),
(50, 1, 'SLÄKT 床墊組合', 3, '床墊和床包組合，提供舒適睡眠體驗。', 11999, 20, '2025-06-15 02:49:57', '2025-06-15 20:14:05', 1, '現代極簡風', '白色'),
(51, 1, 'BRIMNES 化妝台', 3, '化妝台和收納架組合，提供充足收納空間。', 1800, 25, '2025-06-15 02:49:57', '2025-06-15 20:14:14', 1, '現代極簡風', '淺棕色'),
(52, 1, 'NORDLI 床架組合', 3, '床架和床頭櫃組合，提供充足收納空間。', 6499, 20, '2025-06-15 02:49:57', '2025-06-15 20:11:42', 1, '北歐簡約風', '棕色'),
(53, 1, 'IDANÄS 衣櫃/衣櫥', 3, '衣櫃和收納架組合，提供充足收納空間。', 8999, 25, '2025-06-15 02:49:57', '2025-06-15 20:11:53', 1, '現代極簡風', '白色'),
(54, 1, 'HEMNES 床頭櫃', 3, '床頭櫃和收納架組合，提供充足收納空間。', 1900, 25, '2025-06-15 02:49:57', '2025-06-15 20:12:05', 1, '北歐簡約風', '白色'),
(55, 1, 'BRUKSVARA 單人獨立筒彈簧床墊', 3, '床墊和床包組合，提供舒適睡眠體驗。', 3999, 20, '2025-06-15 02:49:57', '2025-06-15 20:11:59', 1, '現代極簡風', '藍色'),
(56, 1, ' GRÅFJÄLLET 化妝台', 3, '化妝台和收納架組合，提供充足收納空間。', 2999, 25, '2025-06-15 02:49:57', '2025-06-15 20:12:10', 1, '現代極簡風', '黑色'),
(57, 1, 'NORDLI 床架組合', 3, '床架和床頭櫃組合，提供充足收納空間。', 7499, 20, '2025-06-15 02:49:57', '2025-06-15 20:14:23', 1, '北歐簡約風', '棕色'),
(58, 1, 'PLATSA 衣櫃組合', 3, '衣櫃和收納架組合，提供充足收納空間。', 20900, 25, '2025-06-15 02:49:57', '2025-06-15 20:14:18', 1, '現代極簡風', '白色'),
(59, 1, 'HATTÅSEN 床邊桌/層架組', 3, '床頭櫃和收納架組合，提供充足收納空間。', 599, 25, '2025-06-15 02:49:58', '2025-06-15 20:14:29', 1, '北歐簡約風', '黑色'),
(60, 1, 'SLÄKT 床墊', 3, '床墊和床包組合，提供舒適睡眠體驗。', 1999, 20, '2025-06-15 02:49:58', '2025-06-15 20:14:36', 1, '現代極簡風', '白色'),
(61, 1, 'BRIMNES 化妝台組合', 3, '化妝台和收納架組合，提供充足收納空間。', 1999, 25, '2025-06-15 02:49:58', '2025-06-15 20:14:43', 1, '現代極簡風', '白色'),
(62, 1, 'STUVA 兒童收納櫃', 4, '色彩繽紛的兒童收納櫃，安全圓角設計。', 2999, 35, '2025-06-15 02:49:58', '2025-06-15 20:14:50', 1, '北歐簡約風', '白色'),
(63, 1, 'SUNDVIK 兒童床', 4, '可延伸的兒童床，陪伴孩子成長。', 4999, 25, '2025-06-15 02:49:58', '2025-06-15 20:14:54', 1, '現代極簡風', '白色'),
(64, 1, 'FLISAT 兒童書櫃', 4, '開放式兒童書櫃，培養收納習慣。', 1999, 40, '2025-06-15 02:49:58', '2025-06-15 20:15:10', 1, '北歐簡約風', '白色, 淺橘色'),
(65, 1, 'MAMMUT 兒童桌椅組', 4, '適合兒童使用的桌椅組，安全穩固。', 1499, 50, '2025-06-15 02:49:58', '2025-06-15 20:15:20', 1, '現代極簡風', '白色'),
(66, 1, 'BUSUNGE 兒童衣櫃', 4, '兒童專用衣櫃，附掛衣桿和收納空間。', 2999, 30, '2025-06-15 02:49:58', '2025-06-15 20:15:16', 1, '北歐簡約風', '白色'),
(67, 1, 'STUVA 兒童床', 4, '可延伸的兒童床，陪伴孩子成長。', 3999, 35, '2025-06-15 02:49:58', '2025-06-15 20:15:43', 1, '北歐簡約風', '原木色'),
(68, 1, 'SUNDVIK 兒童書櫃', 4, '開放式兒童書櫃，培養收納習慣。', 2499, 30, '2025-06-15 02:49:58', '2025-06-15 20:15:51', 1, '現代極簡風', '白色'),
(69, 1, 'FLISAT 兒童桌椅組', 4, '適合兒童使用的桌椅組，安全穩固。', 1999, 40, '2025-06-15 02:49:58', '2025-06-15 20:15:59', 1, '北歐簡約風', '白色'),
(70, 1, 'MAMMUT 兒童衣櫃', 4, '兒童專用衣櫃，附掛衣桿和收納空間。', 3499, 25, '2025-06-15 02:49:58', '2025-06-15 20:16:09', 1, '現代極簡風', '白色, 淺藍色'),
(71, 1, 'BUSUNGE 兒童收納櫃', 4, '色彩繽紛的兒童收納櫃，安全圓角設計。', 2499, 35, '2025-06-15 02:49:58', '2025-06-15 20:16:14', 1, '北歐簡約風', '白色'),
(72, 1, 'BEKANT 辦公桌', 5, '人體工學辦公桌，可調整高度。', 1890, 30, '2025-06-15 02:49:58', '2025-06-15 20:16:21', 1, '工業復古風', '白色'),
(73, 1, 'MARKUS 辦公椅', 5, '符合人體工學的辦公椅，提供良好支撐。', 4999, 40, '2025-06-15 02:49:58', '2025-06-15 20:16:38', 1, '工業復古風', '白色, 黑色'),
(74, 1, 'ALEX 抽屜櫃', 5, '辦公收納抽屜櫃，提供充足收納空間。', 2499, 45, '2025-06-15 02:49:58', '2025-06-15 20:16:45', 1, '現代極簡風', '鐵灰色'),
(75, 1, 'LÅNESPELARE 電競椅', 5, '專業電競椅，提供舒適支撐。', 5999, 25, '2025-06-15 02:49:58', '2025-06-15 20:16:53', 1, '工業復古風', '灰色'),
(76, 1, 'MICKE 書桌', 5, '簡約書桌，附收納空間。', 1999, 50, '2025-06-15 02:49:58', '2025-06-15 20:16:57', 1, '北歐簡約風', '白色'),
(77, 1, 'SKUBB 收納盒', 6, '多用途收納盒，可折疊收納。', 299, 100, '2025-06-15 02:49:58', '2025-06-15 20:17:02', 1, '無印自然風', '白色'),
(78, 1, 'SAMLA 收納箱', 6, '堅固耐用的收納箱，可堆疊使用。', 399, 80, '2025-06-15 02:49:58', '2025-06-15 20:17:10', 1, '無印自然風', '透明色'),
(79, 1, 'TJENA 收納盒', 6, '環保材質收納盒，適合文件收納。', 199, 120, '2025-06-15 02:49:59', '2025-06-15 20:17:27', 1, '無印自然風', '白色配圓點'),
(80, 1, 'KUGGIS 收納箱', 6, '可折疊收納箱，節省空間。', 499, 60, '2025-06-15 02:49:59', '2025-06-15 20:17:32', 1, '無印自然風', '白色'),
(81, 1, 'SOCKERBIT 收納盒', 6, '多層收納盒，適合小物收納。', 299, 90, '2025-06-15 02:49:59', '2025-06-15 20:17:38', 1, '無印自然風', '白色'),
(82, 1, 'MALM 書桌', 5, '簡約設計書桌，附收納空間。', 4999, 30, '2025-06-15 02:49:59', '2025-06-15 20:17:44', 1, '北歐簡約風', '白色'),
(83, 1, 'PAX / GRIMO 衣櫃/衣櫥', 3, '模組化衣櫃，提供多種收納方案。', 19000, 20, '2025-06-15 02:49:59', '2025-06-15 20:17:49', 1, '現代極簡風', '白色'),
(84, 1, 'BRUKSVARA 床框', 3, '實木床架，提供舒適睡眠。', 5499, 25, '2025-06-15 02:49:59', '2025-06-15 20:17:53', 1, '北歐簡約風', '白色'),
(85, 1, 'LACK 茶几', 1, '輕巧實用的茶几，適合各種空間。', 399, 100, '2025-06-15 02:49:59', '2025-06-15 20:18:13', 1, '北歐簡約風', '黑色'),
(86, 1, 'POÄNG 扶手椅', 1, '經典設計扶手椅，提供舒適支撐。', 3999, 30, '2025-06-15 02:49:59', '2025-06-15 20:18:04', 1, '北歐簡約風', '深灰色'),
(87, 1, 'BRIMNES 電視櫃', 1, '現代風格電視櫃，附收納空間。', 2999, 25, '2025-06-15 02:49:59', '2025-06-15 20:18:18', 1, '現代極簡風', '白色'),
(88, 1, 'FRIHETEN 沙發床', 1, '多功能沙發床，可展開作為床使用。', 15999, 15, '2025-06-15 02:49:59', '2025-06-15 20:18:26', 1, '現代極簡風', '深灰色'),
(89, 1, 'LÖVBACKEN 茶几', 1, '葉形設計茶几，增添空間趣味。', 1999, 35, '2025-06-15 02:49:59', '2025-06-15 20:18:31', 1, '北歐簡約風', '棕色'),
(90, 1, 'STRANDMON 扶手椅', 1, '高背扶手椅，提供舒適支撐。', 5999, 20, '2025-06-15 02:49:59', '2025-06-15 20:19:06', 1, '北歐簡約風', '米黃色, 黑色, 深米黃'),
(91, 1, 'STOCKHOLM 2017 茶几', 1, '大理石紋茶几，展現優雅風格。', 1999, 25, '2025-06-15 02:49:59', '2025-06-15 20:19:13', 1, '輕奢設計風', '黑色'),
(92, 1, 'VIMLE 沙發', 1, '模組化沙發，可自由組合。', 19999, 15, '2025-06-15 02:49:59', '2025-06-15 20:19:20', 1, '現代極簡風', '棕色'),
(93, 1, 'LANDSKRONA 三人座沙發', 1, '寬敞舒適的沙發，適合家庭使用。', 24999, 10, '2025-06-15 02:49:59', '2025-06-15 20:19:52', 1, '現代極簡風', '玫紅色'),
(94, 1, 'LIDHULT 沙發', 1, '高品質沙發，提供極致舒適。', 29999, 8, '2025-06-15 02:49:59', '2025-06-15 20:20:18', 1, '輕奢設計風', '灰色, 淺灰, 橘色'),
(95, 1, 'NORDLI 床頭櫃', 1, '現代風格床頭櫃，附收納空間。', 2499, 40, '2025-06-15 02:49:59', '2025-06-15 20:20:24', 1, '北歐簡約風', '棕色'),
(96, 1, 'HEMNES 電視櫃', 1, '實木電視櫃，提供充足收納空間。', 3999, 30, '2025-06-15 02:49:59', '2025-06-15 20:20:28', 1, '北歐簡約風', '原木色'),
(97, 1, 'BRIMNES 電視櫃組合', 1, '模組化電視櫃組合，可自由搭配。', 13750, 20, '2025-06-15 02:50:00', '2025-06-15 20:20:33', 1, '現代極簡風', '白色'),
(98, 1, 'KALLAX 層架組合', 1, '多功能層架組合，適合收納和展示。', 2999, 35, '2025-06-15 02:50:00', '2025-06-15 20:20:38', 1, '北歐簡約風', '白色'),
(99, 1, 'LACK 層架', 1, '輕巧實用的層架，適合各種空間。', 699, 80, '2025-06-15 02:50:00', '2025-06-15 20:20:43', 1, '北歐簡約風', '白色'),
(100, 1, 'BILLY 書櫃', 1, '經典書櫃，可自由組合。', 2499, 45, '2025-06-15 02:50:00', '2025-06-15 20:20:51', 1, '北歐簡約風', '白色'),
(101, 1, 'MALM 床架', 3, '簡約設計床架，附收納空間。', 5999, 30, '2025-06-15 02:50:00', '2025-06-15 20:20:57', 1, '北歐簡約風', '白色'),
(102, 1, 'PAX 衣櫃系統', 3, '可自由組合的衣櫃系統，提供多種收納方案。', 15999, 20, '2025-06-15 02:50:00', '2025-06-15 20:21:14', 1, '現代極簡風', '深灰色'),
(103, 1, 'HEMNES 床頭櫃', 3, '實木床頭櫃，提供額外收納空間。', 2999, 35, '2025-06-15 02:50:00', '2025-06-15 20:21:19', 1, '北歐簡約風', '原木色'),
(104, 1, 'SLÄKT 床墊', 3, '舒適的記憶棉床墊，提供良好支撐。', 8999, 25, '2025-06-15 02:50:00', '2025-06-15 20:21:27', 1, '現代極簡風', '藍色'),
(105, 1, 'BRIMNES 化妝台', 3, '附鏡子的化妝台，提供充足收納空間。', 3999, 30, '2025-06-15 02:50:00', '2025-06-15 20:21:32', 1, '現代極簡風', '白色'),
(106, 1, 'NORDLI 床架', 3, '現代風格床架，附收納空間。', 9999, 25, '2025-06-15 02:50:00', '2025-06-15 20:21:37', 1, '北歐簡約風', '白色'),
(107, 1, 'BRIMNES 三門衣櫃/衣櫥', 3, '模組化衣櫃，可自由組合。', 6999, 30, '2025-06-15 02:50:00', '2025-06-15 20:21:47', 1, '現代極簡風', '白色'),
(108, 1, 'HEMNES 床頭櫃組合', 3, '床頭櫃和收納架組合，提供充足收納空間。', 4999, 25, '2025-06-15 02:50:00', '2025-06-15 20:21:52', 1, '北歐簡約風', '白色'),
(109, 1, 'VITMÅSEN 雙人獨立筒彈簧床墊含乳膠', 3, '床墊和床包組合，提供舒適睡眠體驗。', 14990, 20, '2025-06-15 02:50:00', '2025-06-15 20:22:01', 1, '現代極簡風', '藍色'),
(110, 1, 'BRIMNES 化妝台', 3, '化妝台和收納架組合，提供充足收納空間。', 5990, 25, '2025-06-15 02:50:00', '2025-06-15 20:21:42', 1, '現代極簡風', '白色'),
(111, 1, 'NORDLI 床架組合', 3, '床架和床頭櫃組合，提供充足收納空間。', 3999, 20, '2025-06-15 02:50:00', '2025-06-15 20:22:06', 1, '北歐簡約風', '原木色'),
(112, 1, 'VIHALS 衣櫃/衣櫥組合', 3, '衣櫃和收納架組合，提供充足收納空間。', 11999, 25, '2025-06-15 02:50:00', '2025-06-15 20:22:17', 1, '現代極簡風', '白色'),
(113, 1, 'HEMNES 床頭櫃組合', 3, '床頭櫃和收納架組合，提供充足收納空間。', 1999, 25, '2025-06-15 02:50:00', '2025-06-15 20:22:12', 1, '北歐簡約風', '原木色'),
(114, 1, 'SLÄKT 床墊', 3, '床墊和床包組合，提供舒適睡眠體驗。', 21999, 20, '2025-06-15 02:50:00', '2025-06-15 20:22:31', 1, '現代極簡風', '橘黃色'),
(115, 1, 'BRIMNES 化妝台組合', 3, '化妝台和收納架組合，提供充足收納空間。', 5999, 25, '2025-06-15 02:50:00', '2025-06-15 20:22:36', 1, '現代極簡風', '棕色'),
(116, 1, 'NORDLI 床架組合', 3, '床架和床頭櫃組合，提供充足收納空間。', 25999, 20, '2025-06-15 02:50:01', '2025-06-15 20:22:42', 1, '北歐簡約風', '棕色'),
(117, 1, 'PAX / FORSAND 衣櫃/衣櫥組合', 3, '衣櫃和收納架組合，提供充足收納空間。', 12999, 25, '2025-06-15 02:50:01', '2025-06-15 20:23:00', 1, '現代極簡風', '白色'),
(118, 1, 'HEMNES 床頭櫃組合', 3, '床頭櫃和收納架組合，提供充足收納空間。', 4999, 25, '2025-06-15 02:50:01', '2025-06-15 20:23:11', 1, '北歐簡約風', '棕色'),
(119, 1, 'SLÄKT 床墊', 3, '床墊和床包組合，提供舒適睡眠體驗。', 5999, 20, '2025-06-15 02:50:01', '2025-06-15 20:23:18', 1, '現代極簡風', '白色'),
(120, 1, 'BRIMNES 化妝台組合', 3, '化妝台和收納架組合，提供充足收納空間。', 5999, 25, '2025-06-15 02:50:01', '2025-06-15 20:22:51', 1, '現代極簡風', '原木色'),
(121, 1, 'NORDLI 床架組合', 3, '床架和床頭櫃組合，提供充足收納空間。', 12999, 20, '2025-06-15 02:50:01', '2025-06-15 02:50:01', 1, '北歐簡約風', '灰色'),
(122, 1, 'HAUGA 衣櫃/衣櫥組合', 3, '衣櫃和收納架組合，提供充足收納空間。', 15999, 25, '2025-06-15 02:50:01', '2025-06-15 02:50:01', 1, '現代極簡風', '白色'),
(123, 1, 'HEMNES 床頭櫃  ', 3, '床頭櫃和收納架組合，提供充足收納空間。', 4999, 25, '2025-06-15 02:50:01', '2025-06-15 02:50:01', 1, '北歐簡約風', '奶油色'),
(124, 1, 'VÅGSTRANDA 獨立筒彈簧床墊', 3, '床墊和床包組合，提供舒適睡眠體驗。', 14999, 20, '2025-06-15 02:50:01', '2025-06-15 02:50:01', 1, '現代極簡風', '白色'),
(125, 1, 'BRIMNES 化妝台組合', 3, '化妝台和收納架組合，提供充足收納空間。', 15999, 25, '2025-06-15 02:50:01', '2025-06-15 02:50:01', 1, '現代極簡風', '棕色'),
(126, 1, 'TONSTAD 床架組合', 3, '床架和床頭櫃組合，提供充足收納空間。', 12999, 20, '2025-06-15 02:50:01', '2025-06-15 02:50:01', 1, '北歐簡約風', '米黃色'),
(127, 1, 'PAX/ÅHEIM 衣櫃/衣櫥組合', 3, '衣櫃和收納架組合，提供充足收納空間。', 15750, 25, '2025-06-15 02:50:01', '2025-06-15 20:30:03', 1, '現代極簡風', '白色'),
(128, 1, 'fwef', 2, '9', 9, 44, '2025-06-15 19:27:14', '2025-06-15 19:27:14', 0, '現代極簡風', '0'),
(129, 1, '4', 2, '4', 4, 4, '2025-06-15 19:28:17', '2025-06-15 19:28:17', 0, '現代極簡風', '黑色'),
(130, 1, '0', 3, '0', 0, 0, '2025-06-15 20:30:56', '2025-06-15 20:33:01', 0, '日式禪園風', '0');

INSERT INTO `products_category` (`category_id`, `category_name`) VALUES
(1, '客廳'),
(2, '餐廳/廚房'),
(3, '臥室'),
(4, '兒童房'),
(5, '辦公空間'),
(6, '收納用品');

INSERT INTO `product_img` (`id`, `product_id`, `img`) VALUES
(1, 1, '1749927241.jpg'),
(2, 1, '1749927235.jpg'),
(3, 1, '1749927236.jpg'),
(4, 1, '1749927237.jpg'),
(5, 4, '1749927476.jpg'),
(6, 4, '1749927465.jpg'),
(7, 5, '1749928469.jpg'),
(8, 5, '1749928461.jpg'),
(9, 5, '1749928462.jpg'),
(10, 5, '1749928463.jpg'),
(11, 5, '1749928464.jpg'),
(12, 5, '1749928465.jpg'),
(15, 10, '1749930374.jpg'),
(16, 10, '1749930283.jpg'),
(17, 10, '1749930284.jpg'),
(18, 7, '1749930430.jpg'),
(19, 7, '1749930424.jpg'),
(20, 8, '1749930592.jpeg'),
(21, 8, '1749930536.jpg'),
(29, 3, '1749931025.jpg'),
(30, 3, '1749930958.jpg'),
(31, 3, '1749930959.jpg'),
(32, 3, '1749930960.jpg'),
(33, 3, '1749930961.jpg'),
(34, 3, '1749930962.jpg'),
(35, 3, '1749930963.jpg'),
(36, 2, '1749931174.jpg'),
(37, 2, '1749931169.jpg'),
(38, 2, '1749931170.jpg'),
(39, 2, '1749931171.jpg'),
(40, 11, '1749931346.jpeg'),
(41, 11, '1749931315.jpg'),
(42, 11, '1749931316.jpg'),
(43, 11, '1749931317.jpg'),
(44, 11, '1749931318.jpg'),
(45, 13, '1749931657.jpg'),
(46, 13, '1749931649.jpg'),
(47, 94, '1749932158.jpg'),
(48, 94, '1749932152.jpg'),
(49, 94, '1749932153.jpg'),
(50, 94, '1749932154.jpg'),
(51, 20, '1749932774.jpg'),
(52, 20, '1749932757.jpg'),
(53, 20, '1749932758.jpg'),
(54, 20, '1749932759.jpg'),
(55, 20, '1749932762.jpg'),
(56, 14, '1749932823.jpg'),
(57, 14, '1749932818.jpg'),
(58, 14, '1749932819.jpg'),
(59, 14, '1749932820.jpg'),
(60, 14, '1749932821.jpg'),
(61, 19, '1749932855.jpg'),
(62, 19, '1749932851.jpg'),
(63, 15, '1749932894.jpg'),
(64, 15, '1749932889.jpg'),
(65, 15, '1749932890.jpg'),
(66, 15, '1749932891.jpg'),
(67, 31, '1749933552.jpg'),
(68, 31, '1749933548.jpg'),
(69, 12, '1749962636.jpg'),
(70, 12, '1749962630.jpg'),
(71, 12, '1749962631.jpg'),
(72, 16, '1749966048.jpg'),
(73, 16, '1749966043.jpg'),
(74, 16, '1749966044.jpg'),
(75, 16, '1749966045.jpg'),
(76, 16, '1749966046.jpg'),
(77, 17, '1749966140.jpg'),
(78, 17, '1749966135.jpg'),
(79, 17, '1749966136.jpg'),
(80, 17, '1749966137.jpg'),
(81, 18, '1749966215.jpg'),
(82, 18, '1749966209.jpg'),
(83, 18, '1749966210.jpg'),
(84, 18, '1749966211.jpg'),
(85, 68, '1749966568.jpeg'),
(86, 68, '1749966332.jpg'),
(87, 68, '1749966333.jpg'),
(88, 68, '1749966334.jpg'),
(89, 68, '1749966335.jpg'),
(90, 64, '1749966500.jpg'),
(91, 64, '1749966495.jpg'),
(92, 64, '1749966496.jpg'),
(93, 64, '1749966497.jpg'),
(94, 64, '1749966498.jpg'),
(95, 63, '1749966602.jpg'),
(96, 63, '1749966598.jpg'),
(97, 63, '1749966599.jpg'),
(98, 63, '1749966600.jpg'),
(99, 62, '1749966813.jpg'),
(100, 62, '1749966623.jpg'),
(101, 62, '1749966807.jpg'),
(102, 62, '1749966808.jpg'),
(103, 62, '1749966809.jpg'),
(104, 62, '1749966810.jpg'),
(105, 66, '1749966936.jpg'),
(106, 66, '1749966932.jpg'),
(107, 61, '1749967168.jpeg'),
(108, 61, '1749967101.jpg'),
(109, 61, '1749967102.jpg'),
(110, 61, '1749967103.jpg'),
(111, 61, '1749967104.jpg'),
(112, 67, '1749967239.jpg'),
(113, 67, '1749967235.jpg'),
(114, 67, '1749967236.jpg'),
(115, 67, '1749967237.jpg'),
(116, 69, '1749967294.jpg'),
(117, 69, '1749967290.jpg'),
(118, 65, '1749967374.jpg'),
(119, 65, '1749967369.jpg'),
(120, 65, '1749967370.jpg'),
(121, 65, '1749967371.jpg'),
(122, 65, '1749967372.jpg'),
(123, 65, '1749967373.jpg'),
(124, 70, '1749967442.jpg'),
(125, 70, '1749967438.jpg'),
(126, 70, '1749967439.jpg'),
(127, 70, '1749967440.jpg'),
(128, 71, '1749967512.jpg'),
(129, 71, '1749967508.jpg'),
(130, 71, '1749967509.jpg'),
(131, 72, '1749967643.jpg'),
(132, 72, '1749967631.jpg'),
(133, 72, '1749967632.jpg'),
(134, 72, '1749967633.jpg'),
(135, 72, '1749967634.jpg'),
(136, 72, '1749967635.jpg'),
(137, 72, '1749967636.jpg'),
(138, 72, '1749967637.jpg'),
(139, 75, '1749967674.jpg'),
(140, 75, '1749967669.jpg'),
(141, 75, '1749967670.jpg'),
(142, 75, '1749967671.jpg'),
(143, 75, '1749967672.jpg'),
(144, 75, '1749967673.jpg'),
(145, 75, '1749967674.jpg'),
(146, 75, '1749967675.jpg'),
(147, 75, '1749967676.jpg'),
(148, 75, '1749967677.jpg'),
(149, 75, '1749967678.jpg'),
(150, 75, '1749967679.jpg'),
(151, 74, '1749967783.jpg'),
(152, 74, '1749967774.jpg'),
(153, 74, '1749967775.jpg'),
(154, 74, '1749967778.jpg'),
(155, 73, '1749967810.jpg'),
(156, 73, '1749967805.jpg'),
(157, 73, '1749967806.jpg'),
(158, 73, '1749967807.jpg'),
(159, 73, '1749967808.jpg'),
(160, 73, '1749967809.jpg'),
(161, 73, '1749967810.jpg'),
(162, 73, '1749967811.jpg'),
(163, 82, '1749967846.jpg'),
(164, 82, '1749967841.jpg'),
(165, 82, '1749967842.jpg'),
(166, 82, '1749967843.jpg'),
(167, 82, '1749967844.jpg'),
(168, 76, '1749967963.jpg'),
(169, 76, '1749967959.jpg'),
(170, 76, '1749967960.jpg'),
(171, 76, '1749967961.jpg'),
(172, 77, '1749968044.jpeg'),
(173, 77, '1749967991.jpg'),
(174, 77, '1749967992.jpg'),
(175, 79, '1749968153.jpeg'),
(176, 79, '1749968073.jpg'),
(177, 79, '1749968074.jpg'),
(178, 79, '1749968075.jpg'),
(179, 78, '1749968330.jpg'),
(180, 78, '1749968326.jpg'),
(181, 78, '1749968327.jpg'),
(182, 78, '1749968328.jpg'),
(183, 80, '1749968356.jpg'),
(184, 80, '1749968350.jpg'),
(185, 80, '1749968351.jpg'),
(186, 80, '1749968352.jpg'),
(187, 81, '1749968404.jpg'),
(188, 81, '1749968394.jpg'),
(189, 81, '1749968395.jpg'),
(190, 81, '1749968396.jpg'),
(191, 81, '1749968398.jpg'),
(192, 50, '1749968489.jpg'),
(193, 50, '1749968483.jpg'),
(194, 50, '1749968484.jpg'),
(195, 50, '1749968485.jpg'),
(196, 50, '1749968486.jpg'),
(197, 50, '1749968487.jpg'),
(198, 50, '1749968488.jpg'),
(199, 50, '1749968489.jpg'),
(200, 50, '1749968490.jpg'),
(201, 50, '1749968491.jpg'),
(202, 45, '1749968536.jpg'),
(203, 45, '1749968530.jpg'),
(204, 45, '1749968531.jpg'),
(205, 45, '1749968532.jpg'),
(206, 45, '1749968533.jpg'),
(207, 45, '1749968534.jpg'),
(208, 45, '1749968535.jpg'),
(209, 45, '1749968536.jpg'),
(210, 45, '1749968537.jpg'),
(211, 45, '1749968538.jpg'),
(212, 45, '1749968539.jpg'),
(213, 45, '1749968540.jpg'),
(214, 48, '1749968696.jpg'),
(215, 48, '1749968691.jpg'),
(216, 44, '1749968779.jpg'),
(217, 44, '1749968775.jpg'),
(218, 44, '1749968776.jpg'),
(219, 44, '1749968777.jpg'),
(220, 43, '1749968802.jpg'),
(221, 43, '1749968798.jpg'),
(222, 43, '1749968799.jpg'),
(223, 42, '1749968847.jpg'),
(224, 42, '1749968820.jpg'),
(225, 42, '1749968821.jpg'),
(226, 42, '1749968822.jpg'),
(227, 42, '1749968823.jpg'),
(228, 42, '1749968825.jpg'),
(229, 42, '1749968826.jpg'),
(230, 42, '1749968827.jpg'),
(231, 47, '1749968884.jpg'),
(232, 47, '1749968867.jpg'),
(233, 47, '1749968868.jpg'),
(234, 47, '1749968876.jpg'),
(235, 49, '1749968984.jpg'),
(236, 49, '1749968972.jpg'),
(237, 49, '1749968976.jpg'),
(238, 46, '1749969072.jpg'),
(239, 46, '1749969067.jpg'),
(240, 46, '1749969068.jpg'),
(241, 46, '1749969069.jpg'),
(242, 41, '1749969203.jpeg'),
(243, 24, '1749969244.jpg'),
(244, 24, '1749969231.jpg'),
(245, 24, '1749969232.jpg'),
(246, 24, '1749969233.jpg'),
(247, 24, '1749969239.jpg'),
(248, 24, '1749969240.jpg'),
(249, 26, '1749969288.jpg'),
(250, 26, '1749969276.jpg'),
(251, 26, '1749969281.jpg'),
(252, 26, '1749969282.jpg'),
(253, 26, '1749969283.jpg'),
(254, 26, '1749969284.jpg'),
(255, 26, '1749969285.jpg'),
(256, 21, '1749969380.jpg'),
(257, 21, '1749969376.jpg'),
(258, 21, '1749969377.jpg'),
(259, 21, '1749969378.jpg'),
(260, 27, '1749969465.jpg'),
(261, 27, '1749969460.jpg'),
(262, 27, '1749969461.jpg'),
(265, 23, '1749969559.jpg'),
(266, 23, '1749969555.jpg'),
(267, 23, '1749969556.jpg'),
(268, 23, '1749969557.jpg'),
(269, 28, '1749969614.jpg'),
(270, 28, '1749969604.jpg'),
(271, 28, '1749969605.jpg'),
(272, 28, '1749969606.jpg'),
(273, 28, '1749969609.jpg'),
(274, 28, '1749969610.jpg'),
(275, 25, '1749969728.jpg'),
(276, 25, '1749969725.jpg'),
(277, 30, '1749969797.jpeg'),
(278, 30, '1749969748.jpg'),
(279, 30, '1749969749.jpg'),
(280, 30, '1749969750.jpg'),
(281, 29, '1749969877.jpg'),
(282, 29, '1749969873.jpg'),
(283, 38, '1749969971.jpg'),
(284, 38, '1749969963.jpg'),
(285, 38, '1749969964.jpg'),
(286, 38, '1749969965.jpg'),
(287, 38, '1749969966.jpg'),
(288, 35, '1749970084.jpg'),
(289, 35, '1749970079.jpg'),
(290, 35, '1749970080.jpg'),
(291, 35, '1749970081.jpg'),
(292, 35, '1749970082.jpg'),
(293, 35, '1749970083.jpg'),
(294, 37, '1749970178.jpg'),
(295, 37, '1749970175.jpg'),
(296, 37, '1749970176.jpg'),
(297, 34, '1749970250.jpeg'),
(298, 34, '1749970204.jpg'),
(299, 34, '1749970205.jpg'),
(300, 34, '1749970206.jpg'),
(301, 34, '1749970207.jpg'),
(302, 39, '1749970379.jpeg'),
(303, 39, '1749970357.jpg'),
(304, 39, '1749970358.jpg'),
(305, 39, '1749970359.jpg'),
(306, 36, '1749970455.jpg'),
(307, 36, '1749970451.jpg'),
(308, 33, '1749970585.jpg'),
(309, 33, '1749970581.jpg'),
(310, 32, '1749970725.jpg'),
(311, 32, '1749970722.jpg'),
(312, 40, '1749970801.jpg'),
(313, 40, '1749970797.jpg'),
(314, 40, '1749970798.jpg'),
(315, 54, '1749970912.jpg'),
(316, 54, '1749970893.jpg'),
(317, 54, '1749970894.jpg'),
(318, 51, '1749970982.jpg'),
(319, 51, '1749970976.jpg'),
(320, 51, '1749970977.jpg'),
(321, 51, '1749970978.jpg'),
(322, 52, '1749971117.jpg'),
(323, 52, '1749971112.jpg'),
(324, 52, '1749971113.jpg'),
(325, 52, '1749971114.jpg'),
(326, 57, '1749971405.jpg'),
(327, 57, '1749971401.jpg'),
(328, 57, '1749971402.jpg'),
(329, 60, '1749971514.jpg'),
(330, 60, '1749971501.jpg'),
(331, 55, '1749971598.jpg'),
(332, 55, '1749971581.jpg'),
(333, 55, '1749971582.jpg'),
(334, 55, '1749971583.jpg'),
(335, 59, '1749971686.jpg'),
(336, 59, '1749971667.jpg'),
(337, 59, '1749971668.jpg'),
(338, 59, '1749971669.jpg'),
(339, 59, '1749971670.jpg'),
(340, 59, '1749971671.jpg'),
(341, 53, '1749971807.jpg'),
(342, 53, '1749971793.jpg'),
(343, 53, '1749971794.jpg'),
(344, 53, '1749971795.jpg'),
(345, 53, '1749971796.jpg'),
(346, 53, '1749971797.jpg'),
(347, 53, '1749971798.jpg'),
(348, 56, '1749971879.jpg'),
(349, 56, '1749971869.jpg'),
(350, 56, '1749971870.jpg'),
(351, 58, '1749971983.jpg'),
(352, 58, '1749971975.jpg'),
(353, 84, '1749972116.jpg'),
(354, 84, '1749972103.jpg'),
(355, 83, '1749972215.jpg'),
(356, 83, '1749972192.jpg'),
(357, 83, '1749972193.jpg'),
(358, 86, '1749972246.jpg'),
(359, 86, '1749972241.jpg'),
(360, 86, '1749972242.jpg'),
(361, 86, '1749972243.jpg'),
(362, 86, '1749972244.jpg'),
(363, 86, '1749972245.jpg'),
(364, 86, '1749972246.jpg'),
(371, 87, '1749972422.jpg'),
(372, 87, '1749972417.jpg'),
(373, 87, '1749972418.jpg'),
(374, 87, '1749972419.jpg'),
(375, 87, '1749972420.jpg'),
(376, 88, '1749972452.jpg'),
(377, 88, '1749972447.jpg'),
(378, 88, '1749972448.jpg'),
(379, 88, '1749972449.jpg'),
(380, 88, '1749972450.jpg'),
(381, 88, '1749972451.jpg'),
(382, 88, '1749972452.jpg'),
(383, 88, '1749972453.jpg'),
(384, 88, '1749972454.jpg'),
(385, 88, '1749972455.jpg'),
(386, 88, '1749972456.jpg'),
(387, 88, '1749972457.jpg'),
(388, 85, '1749972476.jpg'),
(389, 85, '1749972471.jpg'),
(390, 85, '1749972472.jpg'),
(391, 85, '1749972473.jpg'),
(392, 85, '1749972474.jpg'),
(393, 85, '1749972475.jpg'),
(394, 85, '1749972476.jpg'),
(395, 89, '1749972503.jpg'),
(396, 89, '1749972498.jpg'),
(397, 89, '1749972499.jpg'),
(398, 89, '1749972500.jpg'),
(399, 89, '1749972501.jpg'),
(400, 89, '1749972502.jpg'),
(401, 89, '1749972503.jpg'),
(402, 90, '1749972613.jpg'),
(403, 90, '1749972608.jpg'),
(404, 90, '1749972609.jpg'),
(405, 90, '1749972610.jpg'),
(406, 90, '1749972611.jpg'),
(407, 90, '1749972612.jpg'),
(408, 91, '1749972714.jpg'),
(409, 91, '1749972710.jpg'),
(410, 91, '1749972711.jpg'),
(411, 91, '1749972712.jpg'),
(412, 91, '1749972713.jpg'),
(413, 92, '1749972758.jpg'),
(414, 92, '1749972752.jpg'),
(415, 92, '1749972753.jpg'),
(416, 92, '1749972754.jpg'),
(417, 92, '1749972755.jpg'),
(418, 92, '1749972756.jpg'),
(419, 93, '1749972942.jpg'),
(420, 93, '1749972926.jpg'),
(421, 93, '1749972927.jpg'),
(422, 93, '1749972928.jpg'),
(423, 93, '1749972929.jpg'),
(424, 93, '1749972930.jpg'),
(425, 100, '1749972982.jpg'),
(426, 100, '1749972975.jpg'),
(427, 100, '1749972976.jpg'),
(428, 100, '1749972977.jpg'),
(429, 100, '1749972978.jpg'),
(430, 100, '1749972979.jpg'),
(431, 100, '1749972980.jpg'),
(432, 100, '1749972981.jpg'),
(433, 100, '1749972982.jpg'),
(434, 100, '1749972983.jpg'),
(435, 97, '1749973064.jpg'),
(436, 97, '1749973049.jpg'),
(437, 97, '1749973050.jpg'),
(438, 97, '1749973051.jpg'),
(439, 97, '1749973052.jpg'),
(440, 96, '1749973132.jpg'),
(441, 96, '1749973128.jpg'),
(442, 96, '1749973129.jpg'),
(443, 96, '1749973130.jpg'),
(444, 95, '1749973209.jpg'),
(445, 95, '1749973203.jpg'),
(446, 98, '1749973276.jpg'),
(447, 98, '1749973273.jpg'),
(448, 98, '1749973274.jpg'),
(449, 98, '1749973275.jpg'),
(450, 99, '1749973391.jpg'),
(451, 99, '1749973387.jpg'),
(452, 99, '1749973388.jpg'),
(453, 99, '1749973389.jpg'),
(454, 99, '1749973390.jpg'),
(455, 103, '1749973455.jpg'),
(456, 103, '1749973450.jpg'),
(457, 103, '1749973451.jpg'),
(458, 103, '1749973452.jpg'),
(459, 103, '1749973453.jpg'),
(460, 103, '1749973454.jpg'),
(461, 103, '1749973455.jpg'),
(462, 108, '1749973527.jpg'),
(463, 108, '1749973520.jpg'),
(464, 108, '1749973521.jpg'),
(465, 102, '1749973602.jpg'),
(466, 102, '1749973598.jpg'),
(467, 102, '1749973599.jpg'),
(468, 102, '1749973600.jpg'),
(469, 101, '1749973696.jpg'),
(470, 101, '1749973688.jpg'),
(471, 101, '1749973689.jpg'),
(472, 101, '1749973690.jpg'),
(473, 104, '1749973724.jpg'),
(474, 104, '1749973719.jpg'),
(475, 104, '1749973720.jpg'),
(476, 104, '1749973721.jpg'),
(477, 106, '1749973864.jpeg'),
(478, 106, '1749973750.jpg'),
(479, 106, '1749973751.jpg'),
(480, 106, '1749973752.jpg'),
(481, 106, '1749973753.jpg'),
(482, 107, '1749973945.jpg'),
(483, 107, '1749973934.jpg'),
(484, 107, '1749973935.jpg'),
(485, 107, '1749973936.jpg'),
(486, 107, '1749973937.jpg'),
(487, 105, '1749974003.jpg'),
(488, 105, '1749973995.jpg'),
(489, 105, '1749973996.jpg'),
(490, 105, '1749973997.jpg'),
(491, 105, '1749973998.jpg'),
(492, 109, '1749974096.jpg'),
(493, 109, '1749974079.jpg'),
(494, 109, '1749974080.jpg'),
(495, 109, '1749974081.jpg'),
(496, 109, '1749974082.jpg'),
(497, 109, '1749974083.jpg'),
(498, 110, '1749974186.jpg'),
(499, 110, '1749974180.jpg'),
(500, 110, '1749974181.jpg'),
(501, 110, '1749974182.jpg'),
(502, 111, '1749974290.jpg'),
(503, 111, '1749974272.jpg'),
(504, 111, '1749974273.jpg'),
(505, 111, '1749974274.jpg'),
(506, 111, '1749974277.jpg'),
(507, 111, '1749974278.jpg'),
(508, 112, '1749974369.jpg'),
(509, 112, '1749974353.jpg'),
(510, 112, '1749974354.jpg'),
(511, 112, '1749974355.jpg'),
(512, 114, '1749974491.jpeg'),
(513, 114, '1749974456.jpg'),
(514, 114, '1749974457.jpg'),
(515, 114, '1749974458.jpg'),
(516, 114, '1749974459.jpg'),
(517, 119, '1749974579.jpg'),
(518, 119, '1749974569.jpg'),
(519, 119, '1749974570.jpg'),
(520, 119, '1749974571.jpg'),
(521, 124, '1749974719.jpg'),
(522, 124, '1749974704.jpg'),
(523, 124, '1749974705.jpg'),
(524, 124, '1749974706.jpg'),
(525, 122, '1749974825.jpg'),
(526, 122, '1749974834.jpg'),
(527, 122, '1749974835.jpg'),
(528, 127, '1749974876.jpg'),
(529, 127, '1749974857.jpg'),
(530, 117, '1749974966.jpg'),
(531, 117, '1749974956.jpg'),
(532, 117, '1749974957.jpg'),
(533, 115, '1749975173.jpg'),
(534, 115, '1749975169.jpg'),
(535, 115, '1749975170.jpg'),
(536, 120, '1749975282.jpg'),
(537, 120, '1749975278.jpg'),
(538, 113, '1749975376.jpg'),
(543, 118, '1749975657.jpg'),
(544, 118, '1749975652.jpg'),
(545, 126, '1749975770.jpg'),
(546, 121, '1749975791.jpg'),
(547, 125, '1749975977.jpg'),
(548, 125, '1749975972.jpg'),
(549, 125, '1749975973.jpg'),
(550, 125, '1749975974.jpg'),
(551, 125, '1749975975.jpg'),
(552, 125, '1749975976.jpg'),
(553, 125, '1749975977.jpg'),
(554, 123, '1749976291.jpg'),
(555, 116, '1749976636.jpg'),
(556, 116, '1749976629.jpg'),
(557, 116, '1749976630.jpg'),
(558, 116, '1749976631.jpg'),
(559, 116, '1749976632.jpg'),
(560, 116, '1749976633.jpg'),
(561, 116, '1749976634.jpg'),
(562, 22, '1749976876.jpg'),
(563, 22, '1749976857.jpg'),
(564, 22, '1749976858.jpg'),
(565, 22, '1749976859.jpg'),
(566, 22, '1749976860.jpg'),
(567, 22, '1749976861.jpg'),
(568, 22, '1749976862.jpg'),
(569, 22, '1749976863.jpg'),
(570, 22, '1749976864.jpg'),
(571, 9, '1749977307.jpg'),
(572, 9, '1749977302.jpg'),
(573, 9, '1749977303.jpg'),
(574, 9, '1749977304.jpg'),
(575, 6, '1749977664.jpeg'),
(576, 6, '1749977626.jpg'),
(577, 6, '1749977627.jpg'),
(578, 6, '1749977628.jpg'),
(579, 128, '1749986834.jpeg'),
(580, 129, '1749986897.jpeg'),
(581, 130, '1749990656.jpeg'),
(582, 130, '1749990768.jpeg'),
(583, 130, '1749990769.jpeg');

INSERT INTO `style` (`id`, `product_id`, `des`) VALUES
(9, 1, '北歐簡約風'),
(10, 2, '現代極簡風'),
(11, 3, '工業復古風'),
(12, 4, '日式禪園風'),
(13, 5, '美式鄉村風'),
(14, 6, '法式優雅風'),
(15, 7, '輕奢設計風'),
(16, 8, '無印自然風');

--------------------------------------------coupons 匯入
INSERT INTO `coupons` (`id`, `name`, `code`, `discount_type`, `discount`, `min_discount`, `max_amount`, `start_at`, `end_at`, `valid_days`, `is_valid`, `created_at`) VALUES
(1, '新年家居折扣券', 'KSHUHPW8', 1, 120.00, 600, NULL, '2024-02-01', '2024-03-01', NULL, 1, '2025-06-13 13:28:18'),
(2, '夏日超值折扣券', 'EPIXFGK7', 2, 0.80, 0, NULL, NULL, NULL, 20, 1, '2025-06-13 13:29:06'),
(3, '全館家電折扣', '9ZGRQX69', 1, 180.00, 700, NULL, '2025-07-01', '2025-07-15', NULL, 1, '2025-06-13 13:29:52'),
(4, '床墊新品促銷', 'SFRUX1UU', 2, 0.85, 300, 500, '2024-10-01', '2024-11-01', NULL, 1, '2025-06-13 13:31:19'),
(5, '會員專屬折價券', '2O0K6F6Q', 1, 250.00, 800, NULL, NULL, NULL, 25, 1, '2025-06-13 13:31:56'),
(6, '餐廳家電超值折扣', '6FU9TCQB', 1, 90.00, 400, NULL, '2025-05-25', '2025-06-25', NULL, 1, '2025-06-13 13:32:43'),
(7, '親子空間促銷券', '5SOUQVV7', 2, 0.75, 0, NULL, NULL, NULL, 30, 1, '2025-06-13 13:33:25'),
(8, '全館清倉折扣', 'A3NF5SXQ', 1, 400.00, 2000, NULL, '2024-07-10', '2024-08-10', NULL, 1, '2025-06-13 13:34:24'),
(9, '新會員歡迎禮', 'RLMEGULB', 2, 0.90, 0, NULL, '2025-06-28', '2025-07-20', NULL, 1, '2025-06-13 13:35:26'),
(10, '家具滿額現折', 'P9GNXFPM', 1, 300.00, 1500, 400, '2025-05-15', '2025-06-20', NULL, 1, '2025-06-13 13:37:20'),
(11, '年度特賣券', '36W7BM33', 1, 200.00, 500, 80, '2024-12-01', '2025-01-10', NULL, 1, '2025-06-13 13:39:27'),
(12, '夏季家具8折券', '67S1N46E', 2, 0.80, 0, NULL, '2025-06-10', '2025-07-10', NULL, 1, '2025-06-13 13:40:29'),
(13, '辦公空間專屬券', 'VCSSK4M7', 1, 150.00, 600, 300, '2025-07-01', '2025-07-20', NULL, 1, '2025-06-13 13:41:22'),
(14, '家具新品體驗券', 'FA56SJSK', 1, 100.00, 300, NULL, NULL, NULL, 15, 1, '2025-06-13 13:42:25'),
(15, '臥室床架折扣券', '3G4Q3G1W', 1, 250.00, 1000, 400, '2025-05-25', '2025-06-30', NULL, 1, '2025-06-13 13:43:09'),
(16, '親子房限量優惠券', 'H31HS6MR', 2, 0.85, 200, 90, '2024-08-01', '2024-09-01', NULL, 1, '2025-06-13 13:44:21'),
(17, '餐廳廚房現金券', '3KJ9C4UY', 1, 120.00, 400, NULL, '2025-06-05', '2025-06-25', NULL, 1, '2025-06-13 13:44:59'),
(18, '原木家具會員專屬券', 'VAB79GO1', 2, 0.75, 500, 400, NULL, NULL, 20, 1, '2025-06-13 13:45:51'),
(19, '客廳沙發超值券', 'WTOAHZBE', 1, 300.00, 1200, 1200, '2024-11-15', '2024-12-15', NULL, 1, '2025-06-13 13:46:40'),
(20, '木芽會員滿額折扣券', 'KADKA8KX', 2, 0.90, 500, 320, '2025-06-13', '2025-07-20', NULL, 1, '2025-06-13 13:47:43'),
(21, '全館會員尊享券', 'CBFR3LK4', 1, 150.00, 500, 2000, '2024-09-01', '2024-10-01', NULL, 1, '2025-06-13 13:49:38'),
(22, '新會員歡迎折扣', 'XH6IC0HO', 2, 0.85, 0, NULL, NULL, NULL, 30, 1, '2025-06-13 13:50:12'),
(23, '臥室床墊現折券', 'BOZ19BE6', 1, 200.00, 1000, 100, '2025-05-10', '2025-06-15', NULL, 1, '2025-06-13 13:50:41'),
(24, '兒童房家居優惠券', '4KTBBWOX', 2, 0.80, 300, 600, '2025-07-01', '2025-07-25', NULL, 1, '2025-06-13 13:51:27'),
(25, '廚房家電現折券', 'W12USGY5', 1, 100.00, 400, NULL, '2025-06-05', '2025-07-05', NULL, 1, '2025-06-13 13:52:19'),
(26, '原木會員專屬8折券', 'OQ3E8RJM', 2, 0.80, 500, 1000, NULL, NULL, 20, 1, '2025-06-13 13:52:43'),
(27, '全館滿額現折券', 'MZCKP7J1', 1, 300.00, 1500, 5000, '2024-10-15', '2024-11-15', NULL, 1, '2025-06-13 13:53:35'),
(28, '會員專屬限量現金券', 'DOSRF2RP', 1, 180.00, 600, 150, '2025-06-15', '2025-07-15', NULL, 1, '2025-06-13 13:54:27'),
(29, '家具清倉折扣券', 'O9ALQ4P9', 1, 250.00, 1000, NULL, '2024-07-20', '2024-08-20', NULL, 1, '2025-06-13 13:55:27'),
(30, '辦公空間滿額8折券', 'QCVSR1K4', 2, 0.80, 800, 1000, '2025-07-05', '2025-07-25', NULL, 1, '2025-06-13 13:56:10'),
(31, '全館任選9折券', '6DDUINGI', 2, 0.90, 300, NULL, '2025-06-01', '2025-06-30', NULL, 1, '2025-06-13 14:06:36'),
(32, '收納用品專屬現折券', '6QBB82H5', 1, 120.00, 400, 450, '2024-10-01', '2024-11-01', NULL, 1, '2025-06-13 14:14:21'),
(33, '會員專屬滿額折扣券', 'DQI0W808', 1, 300.00, 1500, NULL, NULL, NULL, 7, 1, '2025-06-13 14:15:07'),
(34, '兒童房超值折扣券', 'MQPCG24K', 2, 0.75, 200, 180, '2025-07-10', '2025-07-31', NULL, 1, '2025-06-13 14:15:54'),
(35, '全館清倉特賣券', 'U7S5VZHU', 1, 400.00, 2000, 1100, '2024-08-10', '2024-09-10', NULL, 1, '2025-06-13 14:17:01'),
(36, '客廳家電現金券', 'S8OC6VOY', 1, 180.00, 600, NULL, '2025-06-10', '2025-07-15', NULL, 1, '2025-06-13 14:17:38'),
(37, '原木家具專屬券', '8MLIZM96', 2, 0.80, 500, 600, NULL, NULL, 14, 1, '2025-06-13 14:18:12'),
(38, '餐廳廚房滿額現折券', 'NEPTRRU3', 1, 150.00, 700, 30, '2025-07-01', '2025-07-20', NULL, 1, '2025-06-13 14:18:43'),
(39, '會員限定高額折扣券', 'FUIE0P27', 1, 500.00, 2500, 50, '2024-07-25', '2024-08-25', NULL, 1, '2025-06-13 14:19:29'),
(40, '全館自由折扣券', 'AZ93120Q', 2, 0.85, 300, NULL, NULL, NULL, 30, 1, '2025-06-13 14:25:30'),
(41, '全館家具折扣券', '5XMCV1PK', 1, 200.00, 500, 250, '2025-06-01', '2025-06-30', NULL, 1, '2025-06-13 14:27:17'),
(42, '兒童房限量優惠券', '6K0SBMTB', 2, 0.80, 300, 30, '2025-07-05', '2025-07-25', NULL, 1, '2025-06-13 14:27:57'),
(43, '全館自由現折券', 'SYF7JOGB', 1, 150.00, 400, NULL, NULL, NULL, 21, 1, '2025-06-13 14:28:56'),
(44, '餐廳廚房現金優惠券', 'WT37E058', 1, 100.00, 500, 50, '2024-08-15', '2024-09-15', NULL, 1, '2025-06-13 14:29:39'),
(45, '家具超值9折券', 'CDLSZC2B', 2, 0.90, 600, NULL, '2025-06-10', '2025-07-10', NULL, 1, '2025-06-13 14:30:15'),
(46, '會員限定高額現折券', '6UAYH101', 1, 400.00, 2000, 30, '2024-07-20', '2024-08-20', NULL, 1, '2025-06-13 14:31:08'),
(47, '親子空間滿額現折券', '0ZNHXJBM', 1, 180.00, 800, 400, '2025-07-01', '2025-07-20', NULL, 1, '2025-06-13 14:31:59'),
(48, '會員專屬折扣碼', 'PLYXFTGD', 2, 0.85, 500, NULL, NULL, NULL, 7, 1, '2025-06-13 14:32:29'),
(49, '全館清倉現折券', '5MFIYPLC', 1, 300.00, 1500, 150, '2025-01-01', '2025-02-28', NULL, 1, '2025-06-13 14:33:20'),
(50, '辦公空間滿額8折券', 'MAZM03B4', 2, 0.80, 700, 45, '2025-06-25', '2025-07-25', NULL, 1, '2025-06-13 14:34:02'),
(51, '全館快閃限量券', 'IHG3K9UN', 1, 250.00, 1000, 35, '2025-02-01', '2025-03-31', NULL, 1, '2025-06-13 14:35:20'),
(52, '木芽會員滿額9折券', 'ECJ4UP3G', 2, 0.90, 500, NULL, NULL, NULL, 30, 1, '2025-06-13 14:35:54'),
(53, '餐廳家電限時優惠券', 'JUNHGT88', 1, 180.00, 600, 280, '2025-06-10', '2025-07-31', NULL, 1, '2025-06-13 14:36:49'),
(54, '親子房新品促銷券', 'S14I8JHS', 1, 200.00, 700, 1300, '2025-07-05', '2025-07-25', NULL, 1, '2025-06-13 14:37:35'),
(55, '全館自由使用85折券', 'T6PGZCJW', 2, 0.85, 300, NULL, NULL, NULL, 21, 1, '2025-06-13 14:38:18');

INSERT INTO `coupon_categories` (`id`, `coupon_id`, `category_id`) VALUES
(1, 1, 1),
(2, 1, 3),
(3, 1, 5),
(4, 2, 4),
(5, 2, 6),
(6, 3, 1),
(7, 3, 2),
(8, 3, 5),
(9, 3, 6),
(10, 4, 3),
(11, 4, 4),
(12, 5, 1),
(13, 5, 2),
(14, 5, 3),
(15, 5, 4),
(16, 5, 5),
(17, 5, 6),
(18, 6, 2),
(19, 6, 6),
(20, 7, 2),
(21, 7, 3),
(22, 7, 4),
(23, 8, 1),
(24, 8, 2),
(25, 8, 3),
(26, 8, 4),
(27, 8, 5),
(28, 8, 6),
(29, 9, 1),
(30, 9, 2),
(31, 9, 3),
(32, 9, 4),
(33, 9, 5),
(34, 9, 6),
(35, 10, 2),
(36, 10, 3),
(37, 10, 4),
(38, 11, 1),
(39, 11, 2),
(40, 12, 3),
(41, 12, 6),
(42, 13, 5),
(43, 14, 1),
(44, 14, 2),
(45, 14, 3),
(46, 14, 4),
(47, 14, 5),
(48, 14, 6),
(49, 15, 3),
(50, 16, 4),
(51, 17, 2),
(52, 17, 6),
(53, 18, 1),
(54, 18, 5),
(55, 19, 1),
(56, 20, 1),
(57, 20, 2),
(58, 20, 3),
(59, 20, 4),
(60, 20, 5),
(61, 20, 6),
(62, 21, 1),
(63, 21, 2),
(64, 21, 6),
(65, 22, 1),
(66, 22, 2),
(67, 22, 3),
(68, 22, 4),
(69, 22, 5),
(70, 22, 6),
(71, 23, 3),
(72, 24, 4),
(73, 24, 6),
(74, 25, 2),
(75, 25, 5),
(76, 25, 6),
(77, 26, 1),
(78, 26, 2),
(79, 26, 3),
(80, 26, 4),
(81, 26, 5),
(82, 26, 6),
(83, 27, 1),
(84, 27, 2),
(85, 27, 3),
(86, 28, 2),
(87, 28, 3),
(88, 28, 4),
(89, 28, 5),
(90, 29, 1),
(91, 29, 5),
(92, 29, 6),
(93, 30, 5),
(94, 30, 6),
(95, 31, 1),
(96, 31, 6),
(97, 32, 6),
(98, 33, 1),
(99, 33, 2),
(100, 33, 3),
(101, 33, 4),
(102, 33, 5),
(103, 33, 6),
(104, 34, 4),
(105, 35, 1),
(106, 35, 2),
(107, 35, 3),
(108, 35, 5),
(109, 36, 1),
(110, 36, 2),
(111, 37, 1),
(112, 37, 2),
(113, 37, 3),
(114, 37, 4),
(115, 37, 5),
(116, 37, 6),
(117, 38, 2),
(118, 38, 6),
(119, 39, 1),
(120, 39, 5),
(121, 40, 1),
(122, 40, 2),
(123, 40, 3),
(124, 40, 4),
(125, 40, 5),
(126, 40, 6),
(127, 41, 1),
(128, 41, 2),
(129, 41, 3),
(130, 42, 4),
(131, 43, 1),
(132, 43, 2),
(133, 43, 3),
(134, 43, 4),
(135, 43, 5),
(136, 43, 6),
(137, 44, 2),
(138, 44, 6),
(139, 45, 1),
(140, 45, 2),
(141, 45, 3),
(142, 45, 5),
(143, 46, 1),
(144, 46, 5),
(145, 46, 6),
(146, 47, 2),
(147, 47, 3),
(148, 47, 4),
(149, 48, 1),
(150, 48, 2),
(151, 48, 3),
(152, 48, 4),
(153, 48, 5),
(154, 48, 6),
(155, 49, 1),
(156, 49, 2),
(157, 49, 6),
(158, 50, 5),
(159, 50, 6),
(160, 51, 1),
(161, 51, 2),
(162, 51, 6),
(163, 52, 1),
(164, 52, 2),
(165, 52, 3),
(166, 52, 4),
(167, 52, 5),
(168, 52, 6),
(169, 53, 2),
(170, 53, 5),
(171, 53, 6),
(172, 54, 2),
(173, 54, 3),
(174, 54, 4),
(175, 55, 1),
(176, 55, 2),
(177, 55, 3),
(178, 55, 4),
(179, 55, 5),
(180, 55, 6);

INSERT INTO `coupon_levels` (`id`, `coupon_id`, `level_id`) VALUES
(1, 1, 1),
(2, 1, 2),
(3, 1, 3),
(4, 2, 2),
(5, 3, 1),
(6, 3, 2),
(7, 3, 3),
(8, 4, 2),
(9, 4, 3),
(10, 5, 2),
(11, 5, 3),
(12, 6, 3),
(13, 7, 1),
(14, 7, 2),
(15, 8, 1),
(16, 8, 2),
(17, 8, 3),
(18, 9, 1),
(19, 9, 2),
(20, 9, 3),
(21, 10, 1),
(22, 10, 2),
(23, 11, 1),
(24, 11, 2),
(25, 11, 3),
(26, 12, 2),
(27, 12, 3),
(28, 13, 3),
(29, 14, 1),
(30, 15, 2),
(31, 15, 3),
(32, 16, 2),
(33, 17, 3),
(34, 18, 2),
(35, 19, 1),
(36, 19, 2),
(37, 19, 3),
(38, 20, 1),
(39, 21, 1),
(40, 21, 2),
(41, 21, 3),
(42, 22, 1),
(43, 23, 1),
(44, 23, 2),
(45, 23, 3),
(46, 24, 3),
(47, 25, 2),
(48, 25, 3),
(49, 26, 2),
(50, 27, 1),
(51, 27, 2),
(52, 27, 3),
(53, 28, 1),
(54, 28, 2),
(55, 28, 3),
(56, 29, 1),
(57, 29, 2),
(58, 29, 3),
(59, 30, 2),
(60, 30, 3),
(61, 31, 1),
(62, 31, 2),
(63, 32, 2),
(64, 32, 3),
(65, 33, 1),
(66, 33, 2),
(67, 33, 3),
(68, 34, 3),
(69, 35, 1),
(70, 35, 2),
(71, 35, 3),
(72, 36, 2),
(73, 36, 3),
(74, 37, 2),
(75, 38, 3),
(76, 39, 1),
(77, 39, 2),
(78, 40, 1),
(79, 40, 2),
(80, 40, 3),
(81, 41, 1),
(82, 41, 2),
(83, 41, 3),
(84, 42, 3),
(85, 43, 2),
(86, 43, 3),
(87, 44, 2),
(88, 45, 1),
(89, 45, 2),
(90, 45, 3),
(91, 46, 1),
(92, 46, 2),
(93, 47, 2),
(94, 47, 3),
(95, 48, 1),
(96, 48, 2),
(97, 48, 3),
(98, 49, 1),
(99, 49, 2),
(100, 49, 3),
(101, 50, 2),
(102, 50, 3),
(103, 51, 1),
(104, 51, 2),
(105, 51, 3),
(106, 52, 1),
(107, 53, 2),
(108, 53, 3),
(109, 54, 1),
(110, 54, 2),
(111, 55, 1),
(112, 55, 2),
(113, 55, 3);
------------ article匯入

INSERT INTO `article_category` (`name`) VALUES 
('推薦風格'),
('有趣小知識'),
('家具保養與使用技巧'),
('家具選購指南'),
('美感生活誌');


